Title,Type,Format,Ripped?,Named?,Status
007 GoldenEye,Film,VHS,N,,
007 Tomorrow Never Dies,Film,VHS,N,,
101 Dalmations,Film,VHS,N,,
101 Dalmations II Patch's London Adventure,Film,VHS,N,,
102 Dalmations,Film,VHS,N,,
12 Monkeys,Film,VHS,N,,
2001 A Space Odyssey,Film,VHS,N,,
42 (2013),Film,DVD,Y,,
8 Mile (2002),Film,DVD,Y,,
A Bug's Life,Film,VHS,N,,
A Clockwork Orange (1971),Film,DVD,Y,,
A Knight's Tale (2001),Film,DVD,Y,,
A.I. Artificial Intelligence (2001),Film,DVD,Y,,
Accepted (2006),Film,DVD,Y,,
Airplane! (1980),Film,DVD,Y,,
Aladdin and the King of Thieves,Film,VHS,N,,
Alice in Wonderland,Film,VHS,N,,
Alien,Film,VHS,N,,
Alien (1979),Film,BluRay,Y,,
Alien 3,Film,VHS,N,,
Aliens,Film,VHS,N,,
aMOTION,Performance,DVD,Y,,
Anastasia,Film,VHS,N,,
Ant-Man (2015),Film,BluRay,Y,,
Ant-Man and the Wasp (2018),Film,BluRay,Y,,
Apocalypse Now (1979),Film,DVD,Y,,
Apollo 13,Film,VHS,N,,
Archer S1,Show,DVD,Y,N,
Archer S2,Show,DVD,Y,N,
Archer S3,Show,DVD,Y,N,
Archer S4,Show,DVD,Y,N,
Archer S5,Show,DVD,Y,N,
Archer S6,Show,DVD,Y,N,
Archer S7,Show,DVD,Y,N,
Army of Darkness (1992) Director's Cut,Film,DVD,Y,,
Army of Darkness (1992) Theatrical,Film,DVD,Y,,
Arrested Development S1,Show,DVD,N,N,
Arrested Development S2,Show,DVD,Y,N,
Arrested Development S3,Show,DVD,Y,N,
Arrested Development S4,Show,DVD,Y,Y,
Austin Powers International Man of Mystery,Film,VHS,N,,
Avengers - Age of Ultron (2015),Film,BluRay,Y,,
Avengers - Endgame (2019),Film,BluRay,Y,,
Avengers - Infinity War (2018),Film,BluRay,Y,,
AVP - Alien vs. Predator (2004),Film,DVD,Y,,
Ayreon The Theory of Everything,Performance,DVD,Y,,
Back to the Future,Film,VHS,N,,
Back to the Future,Film,VHS,N,,
Back to the Future II,Film,VHS,N,,
Back to the Future III,Film,VHS,N,,
Batman,Film,VHS,N,,
Batman (1989),Film,DVD,Y,,
Batman & Robin,Film,VHS,N,,
Batman Begins (2005),Film,DVD,Y,,
Batman Forever,Film,VHS,N,,
Batman Returns,Film,VHS,N,,
Battlestar Galactica S1,Show,BluRay,Y,Y,
Battlestar Galactica S2,Show,BluRay,Y,Y,
Beauty and the Beast,Film,VHS,N,,
Bionicle - Mask of Light (2003),Film,DVD,Y,,
Bionicle 2 - Legends of Metru Nui (2004),Film,DVD,Y,,
Bionicle 3 - Web of Shadows (2005),Film,DVD,Y,,
Black Cauldron,Film,VHS,N,,
Black Hawk Down (2001),Film,DVD,Y,,
Black Panther (2018),Film,BluRay,Y,,
Blade - Trinity (2004),Film,DVD,N,,
Blade (1998),Film,DVD,Y,,
Blade II (2002),Film,DVD,Y,,
Blade Runner,Film,VHS,N,,
Blade Runner (1982),Film,DVD,Y,,
Blazing Saddles,Film,VHS,N,,
Braveheart,Film,VHS,N,,
Bronson (2008),Film,BluRay,Y,,
Captain America - Civil War (2016),Film,BluRay,Y,,
Captain America - The First Avenger (2011),Film,BluRay,Y,,
Captain America - The Winter Soldier (2014),Film,BluRay,Y,,
Captain Marvel (2019),Film,BluRay,Y,,
Casper,Film,VHS,N,,
Chappelle's Show S1,Show,DVD,Y,N,
Chappelle's Show S2,Show,DVD,Y,N,
Chappelle's Show The Lost Episodes,Show,DVD,Y,N,
Chicken Run,Film,VHS,N,,
Cinderella,Film,VHS,N,,
Classic Scooby-Doo Scooby-Doo And A Mummy Too,Show,VHS,N,,
Clear and Present Danger,Film,VHS,N,,
Click (2006),Film,DVD,Y,,
Close Encounters of the Third Kind (1977),Film,BluRay,Y,,
Coheed and Cambria No World For Tomorrow,Performance,DVD,Y,,
Constantine (2005),Film,DVD,Y,,
Dark Star (1974),Film,DVD,Y,,
Dead Poet's Society,Film,VHS,N,,
Deadpool (2016),Film,BluRay,Y,,
Deadpool 2 (2018),Film,BluRay,Y,,
Deadpool 2 Super Duper Cut (2018),Film,BluRay,Y,,
Death Race 2000,Film,VHS,N,,
Death Race 2050 (2017),Film,BluRay,Y,,
Detective Pikachu,Film,BluRay,N,,
Devin Townsend Devolution Series #2 Galactic Quarantine,Performance,,Y,,
Devin Townsend Order of Magnitude Empath Live Volume 1,Performance,,Y,,
Devin Townsend Project Ocean Machine Live at the Ancient Roman Theater Plovdiv,Performance,,Y,,
Devin Townsend Royal Albert Hall,Performance,,Y,,
Devin Townsend The Puzzle,Performance,,Y,,
Devin Townsend The Retinal Circus,Performance,Blu-ray,Y,,
DFDVD,Performance,,Y,,
DFDVD2,Performance,,Y,,
Digimon Adventure tri. Loss (2017),Film,BluRay,Y,,
Digimon Adventure tri. Reunion (2015),Film,BluRay,Y,,
Dinosaur,Film,VHS,N,,
District 9 (2009),Film,BluRay,Y,,
Django Unchained (2012),Film,DVD,Y,,
Doctor Strange (2007),Film,DVD,Y,,
Doctor Strange (2016),Film,DVD,Y,,"BluRay case, missing BR disc"
Dr. Horrible's Sing-Along Blog (2008),Film,DVD,Y,,
Dream Theater Metropolis 2000: Scenes From New York,Performance,DVD,Y,,
Dumb and Dumber,Film,VHS,N,,
Dumbo,Film,VHS,N,,
Dune,Film,VHS,N,,
E.T The Extra-Terrestrial,Film,VHS,N,,
Elektra (2005),Film,DVD,Y,,
Elysium (2013),Film,BluRay,Y,,
Engineering an Empire,Show,DVD,Y,Y,
Enter the Dragon (1973),Film,DVD,Y,,
Family Guy Presents - Stewie Griffin - The Untold Story (2005),Film,DVD,Y,,
Fantasia,Film,VHS,N,,
Fantasia 2000,Film,VHS,N,,
Fantastic Four (2005),Film,DVD,Y,,
Ferris Bueller's Day Off,Film,VHS,N,,
Fight Club (1999),Film,DVD,Y,,
Firefly,Show,DVD,Y,N,
Flubber,Film,VHS,N,,
Full Metal Jacket (1987),Film,DVD,Y,,
Futurama Bender's Big Score,Film,DVD,N,,
Futurama Bender's Game,Film,DVD,N,,
Futurama Into the Wild Green Yonder,Film,DVD,N,,
Futurama S1,Show,DVD,N,,
Futurama S2,Show,DVD,N,,
Futurama S3,Show,DVD,Y,N,
Futurama S4,Show,DVD,Y,N,
Futurama S5,Show,DVD,Y,N,
Futurama S6,Show,DVD,N,,
Futurama S7,Show,DVD,N,,
Futurama S8,Show,DVD,N,,
Futurama The Beast with a Billion Backs,Film,DVD,N,,
Galaxy Quest (1999),Film,DVD,Y,,
Gangs of New York (2002),Film,BluRay,Y,,
Gattaca (1997),Film,BluRay,Y,,
George of the Jungle,Film,VHS,N,,
Get Out (2017),Film,BluRay,Y,,
Ghost Rider (2007),Film,DVD,Y,,
Ghostbusters (1984),Film,DVD,Y,,
Godzilla The King of Monsters,Film,VHS,N,,
Godzilla Versus Monster Zero,Film,VHS,N,,
Godzilla Versus Mothra,Film,VHS,N,,
GoodFellas (1990),Film,DVD,Y,,
Gran Torino (2008),Film,BluRay,Y,,
Gravity (2013),Film,BluRay,Y,,
Gremlins (1984),Film,DVD,Y,,
Guardians of the Galaxy (2014),Film,BluRay,Y,,
Guardians of the Galaxy Vol. 2 (2017),Film,BluRay,Y,,
Halo Nightfall,Show,DVD,N,N,
Hancock (2008),Film,DVD,Y,,
Happy Gilmore,Film,VHS,N,,
Harry Potter and the Chamber of Secrets (2002),Film,DVD,Y,,
Harry Potter and the Deathly Hallows - Part 1 (2010),Film,DVD,Y,,
Harry Potter and the Deathly Hallows - Part 2 (2011),Film,DVD,Y,,
Harry Potter and the Goblet of Fire (2005),Film,DVD,Y,,
Harry Potter and the Order of the Phoenix (2007),Film,DVD,N,,
Harry Potter and the Philosopher's Stone (2001),Film,DVD,Y,,
Harry Potter and the Prisoner of Azkaban (2004),Film,DVD,Y,,
Hellboy (2004),Film,DVD,Y,,
Hercules,Film,VHS,N,,
History The Crusades Crescent & The Cross (2005) CD1,Film,DVD,Y,,
History The Crusades Crescent & The Cross (2005) CD2,Film,DVD,Y,,
Hot Fuzz (2007),Film,DVD,Y,,
Hotel Rwanda (2004),Film,DVD,Y,,
How the Grinch Stole Christmas!,Film,VHS,N,,
How the Grinch Stole Christmas! Plus If I Ran the Zoo,Film,VHS,N,,
Hulk (2003),Film,DVD,Y,,
I Am Legend (2007),Film,DVD,Y,,
"I, Robot (2004)",Film,DVD,Y,,
Ice Age,Film,VHS,N,,
Ihsahn After,Performance,,Y,,
Incredibles 2 (2018),Film,BluRay,Y,,
Independence Day,Film,VHS,N,,
Indiana Jones and the Last Crusade,Film,VHS,N,,
Indiana Jones and the Raiders of the Lost Ark,Film,VHS,N,,
Indiana Jones and the Temple of Doom,Film,VHS,N,,
Inglourious Basterds (2009),Film,BluRay,Y,,
Inside Out,Film,BluRay,N,,
Inspector Gadget,Film,VHS,N,,
Inspector Gadget Gadget's Greatest Gadgets,Show,VHS,N,,
Interstellar (2014),Film,BluRay,Y,,
Invaders from Mars (1986),Film,DVD,Y,,
Invisible Invaders (1959),Film,DVD,Y,,
Iron Man (2008),Film,BluRay,Y,,
Iron Man 2 (2010),Film,BluRay,Y,,
Iron Man 3 (2013),Film,BluRay,Y,,
James and the Giant Peache,Film,VHS,N,,
Jerry Maguire,Film,VHS,N,,
Jerry Seinfeld - I'm Telling You for the Last Time (1998),Performance,DVD,Y,,
Journey to the Center of the Earth,Film,VHS,N,,
Journey to the Seventh Planet (1962),Film,DVD,Y,,
Judas Priest Electric Eye,Performance,,Y,,
Julius Caeser Against the Pirates,Film,DVD,N,,
Jurassic Park (1993),Film,BluRay,Y,,
Jurassic Park (1993),Film,VHS,N,,
Jurassic Park (1993),Film,VHS,N,,
Justice League,Film,VHS,N,,
Justice League Dark (2017),Film,BluRay,Y,,
Kamelot Poetry for the Poisoned,Performance,,Y,,
Kill Bill - Vol. 1 (2003),Film,DVD,Y,,
King Arthur (2004),Film,DVD,Y,,
Kung Pow - Enter the Fist (2002),Film,DVD,Y,,
Labyrinth (1986),Film,DVD,Y,,
Lady and the Tramp,Film,VHS,N,,
Lady and the Tramp II,Film,VHS,N,,
Lilo & Stitch,Film,VHS,N,,
Lilo & Stitch 2 Stitch Has a Glitch,Film,VHS,N,,
Logan (2017),Film,BluRay,Y,,
Looney Tunes Reality Check,Show,VHS,N,,
Lost in Space (1998),Film,DVD,Y,,
Mad Max,Film,VHS,N,,
Mad Max 2 The Road Warrior,Film,DVD,Y,,
Mad Max 3 Beyond Thunderdome,Film,DVD,Y,,
Mary Poppins,Film,VHS,N,,
Mary Shelley's Frankenstein (1994),Film,DVD,Y,,
Mastodon Live at the Aragon,Performance,,Y,,
Mastodon The Workhorse Chronicles,Performance,,Y,,
Mel Brooks' History of the World Part 1,Film,DVD,Y,Y,
Men In Black,Film,VHS,N,,
Mighty Morphin Power Rangers - The Movie (1995),Film,DVD,Y,Y,
Minority Report (2002),Film,DVD,Y,,
"Monsters, Inc. (2001)",Film,DVD,N,,
"Monsters, Inc. (2001)",Film,VHS,N,,
Monty Python and the Holy Grail (1975),Film,DVD,Y,,
Monty Python and the Holy Grail (1975),Film,VHS,N,,
Mulan,Film,VHS,N,,
Nacho Libre (2006),Film,DVD,Y,,
National Geographic: Beyond the Movie: The Lord of the Rings: The Fellowship of the Ring,Film,DVD,Y,,
National Lampoon's Van Wilder (2002),Film,DVD,Y,,
No Country for Old Men (2007),Film,BluRay,Y,,
Office Space (1999),Film,DVD,Y,,
Oliver & Company,Film,VHS,N,,
Orphaned Land All Is One,Performance,,Y,,
Pacific Rim (2013),Film,DVD,Y,,
Patriot Games,Film,VHS,N,,
Peter Pan,Film,VHS,N,,
Pink Floyd - The Wall (1982),Film,DVD,Y,,
Pink Floyd In Concert Delicate Sound of Thunder,Performance,VHS,N,,
Pink Floyd Live at Pompeii (1972),Performance,,Y,,
Pinocchio,Film,VHS,N,,
Pirates of the Caribbean - Dead Man's Chest (2006),Film,DVD,Y,,
Pirates of the Caribbean - The Curse of the Black Pearl (2003),Film,DVD,Y,,
Pocahontas,Film,VHS,N,,
Pocahontas II Journey to a New World,Film,VHS,N,,
Pokemon the Movie,Film,VHS,N,,
Porcupine Tree Stupid Dream,Performance,,Y,,
Power Rangers Super Samurai - Secret of the Red Ranger,Show,DVD,N,,
Predator (1987),Film,BluRay,Y,,
Predator 2,Film,VHS,N,,
Prometheus (2012),Film,BluRay,Y,,
Pulp Fiction (1994),Film,DVD,Y,,
Quadrophenia (1979),Film,DVD,Y,,
Quantum of Solace (2008),Film,DVD,Y,,
Rambo,Film,DVD,N,,
Rise of the Planet of the Apes (2011),Film,BluRay,Y,,
Robin Hood - Men in Tights (1993),Film,DVD,Y,,
Robin Hood - Men in Tights (1993),Film,VHS,N,,
Rogue One - A Star Wars Story (2016),Film,BluRay,Y,,
Ron White They Call Me Tater Salad,Performance,DVD,Y,,
Rush Beyond the Lighted Stage,Performance,DVD,Y,,
Rush Hour,Film,VHS,N,,
Rush Hour 2,Film,VHS,N,,
Sam Kinison I Am Sam Kinison,Performance,DVD,Y,,
Scarface (1983),Film,DVD,Y,,
School of Rock (2003),Film,DVD,Y,,
Scooby-Doo Alien Invaders,Film,VHS,N,,
Scooby-Doo Zombie Island,Film,VHS,N,,
Serenity (2005),Film,BluRay,Y,,
Sherlock Holmes - A Game of Shadows (2011),Film,BluRay,Y,,
Sherlock Holmes (2009),Film,BluRay,Y,,
Shrek,Film,VHS,N,,
Sinbad Legend of the Seven Seas,Film,VHS,N,,
Sleeping Beauty,Film,VHS,N,,
Small Soldiers,Film,VHS,N,,
Snow White and the Seven Dwarves,Film,VHS,N,,
"South Park - Bigger, Longer & Uncut (1999)",Film,DVD,Y,,
Space Jam,Film,VHS,N,,
Spaceballs (1987),Film,DVD,Y,,
Speed Racer The Great Plan,Show,VHS,N,,
Spider-Man - Far from Home (2019),Film,BluRay,Y,,
Spider-Man - Homecoming (2017),Film,BluRay,Y,,
Spider-Man - Into the Spider-Verse (2018),Film,BluRay,Y,,
Spider-Man (2002),Film,DVD,Y,,
Spider-Man 2 (2004),Film,DVD,Y,,
Spider-Man 3 (2007),Film,DVD,Y,,
Star Trek - Nemesis (2002),Film,DVD,Y,,
Star Trek (2009),Film,DVD,Y,,
Star Trek First contact,Film,VHS,N,,
Star Trek Generations,Film,VHS,N,,
Star Trek II The Wrath of Khan,Film,VHS,N,,
Star Trek III The Search for Spock,Film,VHS,N,,
Star Trek Insurrection,Film,VHS,N,,
Star Trek IV The Voyage Home,Film,VHS,N,,
Star Trek The Motion Picture,Film,VHS,N,,
Star Trek V The Final Frontier,Film,VHS,N,,
Star Trek VI The Undiscovered Country,Film,VHS,N,,
Star Wars,Film,VHS,N,,
Star Wars - Episode II - Attack of the Clones (2002),Film,BluRay,Y,,
Star Wars - The Force Awakens (2015),Film,DVD,Y,,
Star Wars - The Last Jedi (2017),Film,BluRay,Y,,
Star Wars A New Hope,Film,VHS,N,,
Star Wars Attack of the Clones,Film,VHS,N,,
Star Wars Empire Strikes Back,Film,VHS,N,,
Star Wars The Phantom Menace,Film,VHS,N,,
Stargate,Film,VHS,N,,
Starship Troopers (1997),Film,BluRay,Y,,
Starship Troopers 2 - Hero of the Federation (2004),Film,BluRay,Y,,
Starship Troopers 3 - Marauder (2008),Film,BluRay,Y,,
Starsky & Hutch (2004),Film,DVD,Y,,
Steven Universe Future,Show,DVD,Y,Y,
Steven Universe S1,Show,DVD,N,,
Steven Universe S2,Show,DVD,N,,
Steven Universe S3,Show,DVD,N,,
Steven Universe S4,Show,DVD,N,,
Steven Universe S5,Show,DVD,N,,
Steven Universe The Movie,Film,DVD,Y,,
Steven Wilson HAND CANNOT ERASE,Performance,,Y,,
Strange Invaders (1983),Film,DVD,Y,,
Strapping Young Lad The Chaos Years,Performance,,Y,,
Super Troopers (2001),Film,DVD,Y,,
Sweeney Todd - The Demon Barber of Fleet Street (2007),Film,DVD,Y,,
Teen Titans - The Judas Contract (2017),Film,BluRay,Y,,
Tenacious D in The Pick of Destiny (2006),Film,DVD,Y,,
Tenacious D The Complete Masterworks,Performance,,Y,,
Tenacious D The Complete Masterworks 2,Performance,,Y,,
Terminator 2 - Judgment Day (1991),Film,DVD,Y,,
Terminator 3 - Rise of the Machines (2003),Film,DVD,Y,,
Terror of Mechagodzilla,Film,VHS,N,,
The Aristocats,Film,VHS,N,,
The Avengers (2012),Film,BluRay,Y,,
The Big Lebowski (1998),Film,DVD,Y,,
The Book of Eli (2010),Film,BluRay,Y,,
The Brave Little Toaster,Film,VHS,N,,
"The Chronicles of Narnia - The Lion, the Witch and the Wardrobe (2005)",Film,DVD,Y,,
The Chronicles of Riddick - Into Pitch Black (2000),Film,DVD,Y,,
The Chronicles of Riddick (2004),Film,DVD,Y,,
The Dark Knight (2008),Film,DVD,Y,,
The Dark Knight Rises (2012),Film,DVD,Y,,
The Emperor's New Groove,Film,VHS,N,,
The Empire Strikes Back (1980),Film,BluRay,Y,,
The Fifth Element (1997),Film,DVD,Y,,
The Fox and the Hound,Film,VHS,N,,
The Goonies,Film,VHS,N,,
The Gorilla (1939),Film,DVD,N,,
The Green Knight (2021),Film,BluRay,Y,,
The Hitchhiker's Guide to the Galaxy (2005),Film,DVD,Y,,
The Hobbit (1977),Film,VHS,N,,
The Hobbit - An Unexpected Journey (2012),Film,DVD,Y,,
The Hobbit - The Desolation of Smaug (2013),Film,DVD,Y,,
The Hobbit (1977),Film,DVD,Y,,
The Hunchback of Notre Dame,Film,VHS,N,,
The Hunt for Red October,Film,VHS,N,,
The Imitation Game (2014),Film,DVD,Y,,
The Incredible Hulk (2008),Film,DVD,Y,,
The Jungle Book,Film,VHS,N,,
The Jungle Book,Film,VHS,N,,
The Jungle Book Mowgli and Baloo,Film,VHS,N,,
The Lion King II Simba's Pride,Film,VHS,N,,
The Liong King,Film,VHS,N,,
The Little Mermaid II Return to the Sea,Film,VHS,N,,
The Lord of the Rings (1978),Film,VHS,N,,
The Lord of the Rings - The Fellowship of the Ring (2001),Film,DVD,Y,,
The Lord of the Rings - The Return of the King (2003),Film,DVD,Y,,
The Lord of the Rings - The Return of the King (2003) Extended CD1,Film,BluRay,Y,,
The Lord of the Rings - The Return of the King (2003) Extended CD2,Film,BluRay,Y,,
The Lord of the Rings - The Two Towers (2002),Film,DVD,Y,,
The Lord of the Rings - The Two Towers (2002) Extended CD1,Film,BluRay,Y,,
The Lord of the Rings - The Two Towers (2002) Extended CD2,Film,BluRay,Y,,
The Lord of the Rings (1978),Film,DVD,Y,,
The Man from U.N.C.L.E. (2015),Film,BluRay,Y,,
The Mask (1994),Film,DVD,Y,,
The Matrix,Film,VHS,N,,
The Mummy,Film,VHS,N,,
The NeverEnding Story (1984),Film,DVD,Y,,
The Prince of Egypt,Film,VHS,N,,
The Princess Bride,Film,VHS,N,,
The Punisher (2004),Film,DVD,Y,,
The Rescuers Down Under,Film,VHS,N,,
The Return of Jafar,Film,VHS,N,,
The Return of the King (1980),Film,DVD,Y,,
The Road to El Dorado,Film,VHS,N,,
The Sandlot,Film,VHS,N,,
The Scorpion King (2002),Film,DVD,Y,,
The Shawshank Redemption (1994),Film,BluRay,Y,,
The Shining (1980),Film,DVD,Y,,
The Silence of the Lambs (1991),Film,DVD,Y,,
The Song Remains the Same (1976),Performance,DVD,Y,,
The SpongeBob SquarePants Movie (2004),Film,DVD,Y,,
The Swan Princess,Film,VHS,N,,
The Thing (1982),Film,BluRay,Y,,
The Wizard of Oz,Film,VHS,N,,
The Wolf of Wall Street (2013),Film,BluRay,Y,,
The Wolverine (2013),Film,BluRay,Y,,
This Is Spinal Tap (1984),Film,DVD,Y,,
Thor - The Dark World (2013),Film,BluRay,Y,,
Thor (2011),Film,BluRay,Y,,
Todd Barry Falling Off the Bone,Performance,,Y,,
Total Recall (1990),Film,BluRay,Y,,
Toy Story,Film,VHS,N,,
Tropic Thunder (2008),Film,DVD,Y,,
Troy (2004),Film,BluRay,Y,,
Tucker and Dale vs. Evil (2010),Film,DVD,Y,,
Twilight Zone The Movie,Film,VHS,N,,
Underworld - Evolution (2006),Film,DVD,Y,,
Underworld (2003),Film,DVD,Y,,
Valkyrie (2008),Film,DVD,Y,,
Victor Frankenstein (2015),Film,DVD,N,,
Wall-E (2008),Film,DVD,N,,
War of the Worlds (2005),Film,DVD,Y,,
Warcraft (2016),Film,BluRay,Y,,
Watchmen (2009),Film,BluRay,Y,,
Willy Wonka & the Chocolate Factory (1971),Film,DVD,Y,,
X-Men - Apocalypse (2016),Film,BluRay,Y,,
X-Men - Days of Future Past - The Rogue Cut (2014),Film,BluRay,Y,,
X-Men - Days of Future Past (2014),Film,BluRay,Y,,
X-Men - First Class (2011),Film,DVD,Y,,
X-Men Origins - Wolverine (2009),Film,BluRay,Y,,
X-Men The Last Stand (2006),Film,DVD,Y,,
Young Frankenstein,Film,VHS,N,,
Zodiac (2007),Film,DVD,Y,,
Zombieland (2009),Film,BluRay,Y,,
Bestmaster 2 Through the Portal of Time,Film,VHS,,,
The Dark Crystal,Film,VHS,,,
Rambo First Blood Part II,Film,VHS,,,